Time (s), voltage (V)
-303.000E-03,+230.857E-03
-300.500E-03,+225.204E-03
-298.000E-03,+231.171E-03
-295.500E-03,+220.650E-03
-293.000E-03,+218.766E-03
-290.500E-03,+216.253E-03
-288.000E-03,+216.253E-03
-285.500E-03,+220.807E-03
-283.000E-03,+223.006E-03
-280.500E-03,+227.560E-03
-278.000E-03,+237.767E-03
-275.500E-03,+224.733E-03
-273.000E-03,+218.452E-03
-270.500E-03,+219.551E-03
-268.000E-03,+215.782E-03
-265.500E-03,+220.179E-03
-263.000E-03,+234.469E-03
-260.500E-03,+228.345E-03
-258.000E-03,+230.072E-03
-255.500E-03,+232.271E-03
-253.000E-03,+215.939E-03
-250.500E-03,+215.311E-03
-248.000E-03,+213.584E-03
-245.500E-03,+220.179E-03
-243.000E-03,+222.378E-03
-240.500E-03,+223.791E-03
-238.000E-03,+230.700E-03
-235.500E-03,+226.146E-03
-233.000E-03,+220.807E-03
-230.500E-03,+212.955E-03
-228.000E-03,+210.914E-03
-225.500E-03,+217.195E-03
-223.000E-03,+224.105E-03
-220.500E-03,+224.890E-03
-218.000E-03,+229.287E-03
-215.500E-03,+227.403E-03
-213.000E-03,+219.237E-03
-210.500E-03,+215.939E-03
-208.000E-03,+213.741E-03
-205.500E-03,+215.782E-03
-203.000E-03,+216.410E-03
-200.500E-03,+225.832E-03
-198.000E-03,+228.345E-03
-195.500E-03,+223.634E-03
-193.000E-03,+219.865E-03
-190.500E-03,+218.138E-03
-188.000E-03,+212.955E-03
-185.500E-03,+213.427E-03
-183.000E-03,+222.220E-03
-180.500E-03,+225.832E-03
-178.000E-03,+227.403E-03
-175.500E-03,+226.146E-03
-173.000E-03,+217.666E-03
-170.500E-03,+218.923E-03
-168.000E-03,+214.212E-03
-165.500E-03,+218.923E-03
-163.000E-03,+226.932E-03
-160.500E-03,+223.477E-03
-158.000E-03,+224.419E-03
-155.500E-03,+224.890E-03
-153.000E-03,+216.410E-03
-150.500E-03,+212.170E-03
-148.000E-03,+215.939E-03
-145.500E-03,+222.220E-03
-143.000E-03,+220.807E-03
-140.500E-03,+227.403E-03
-138.000E-03,+225.675E-03
-135.500E-03,+223.006E-03
-133.000E-03,+222.063E-03
-130.500E-03,+222.535E-03
-128.000E-03,+216.881E-03
-125.500E-03,+218.295E-03
-123.000E-03,+226.146E-03
-120.500E-03,+227.717E-03
-118.000E-03,+231.643E-03
-115.500E-03,+230.700E-03
-113.000E-03,+219.080E-03
-110.500E-03,+221.435E-03
-108.000E-03,+217.981E-03
-105.500E-03,+217.509E-03
-103.000E-03,+219.551E-03
-100.500E-03,+223.006E-03
-98.000E-03,+227.089E-03
-95.500E-03,+224.262E-03
-93.000E-03,+220.336E-03
-90.500E-03,+216.410E-03
-88.000E-03,+210.757E-03
-85.500E-03,+214.526E-03
-83.000E-03,+220.336E-03
-80.500E-03,+223.320E-03
-78.000E-03,+228.973E-03
-75.500E-03,+226.774E-03
-73.000E-03,+220.807E-03
-70.500E-03,+217.823E-03
-68.000E-03,+214.840E-03
-65.500E-03,+217.666E-03
-63.000E-03,+223.320E-03
-60.500E-03,+224.890E-03
-58.000E-03,+231.486E-03
-55.500E-03,+229.915E-03
-53.000E-03,+222.849E-03
-50.500E-03,+220.650E-03
-48.000E-03,+221.592E-03
-45.500E-03,+217.038E-03
-43.000E-03,+225.518E-03
-40.500E-03,+228.816E-03
-38.000E-03,+228.816E-03
-35.500E-03,+228.188E-03
-33.000E-03,+225.204E-03
-30.500E-03,+220.179E-03
-28.000E-03,+213.584E-03
-25.500E-03,+218.138E-03
-23.000E-03,+226.146E-03
-20.500E-03,+225.832E-03
-18.000E-03,+228.031E-03
-15.500E-03,+226.932E-03
-13.000E-03,+220.179E-03
-10.500E-03,+223.791E-03
-8.000E-03,+216.724E-03
-5.500E-03,+216.096E-03
-3.000E-03,+223.634E-03
-500E-06,+214.369E-03
+2.000E-03,+160.663E-03
+4.500E-03,+112.610E-03
+7.000E-03,+95.964E-03
+9.500E-03,+91.410E-03
+12.000E-03,+88.269E-03
+14.500E-03,+85.443E-03
+17.000E-03,+87.955E-03
+19.500E-03,+88.898E-03
+22.000E-03,+98.320E-03
+24.500E-03,+96.592E-03
+27.000E-03,+89.683E-03
+29.500E-03,+93.138E-03
+32.000E-03,+92.195E-03
+34.500E-03,+87.798E-03
+37.000E-03,+92.981E-03
+39.500E-03,+85.914E-03
+42.000E-03,+88.112E-03
+44.500E-03,+94.551E-03
+47.000E-03,+93.766E-03
+49.500E-03,+85.129E-03
+52.000E-03,+66.285E-03
+54.500E-03,+66.913E-03
+57.000E-03,+44.457E-03
+59.500E-03,+17.133E-03
+62.000E-03,-14.903E-03
+64.500E-03,-68.609E-03
+67.000E-03,-128.125E-03
+69.500E-03,-165.970E-03
+72.000E-03,-183.715E-03
+74.500E-03,-186.542E-03
+77.000E-03,-186.856E-03
+79.500E-03,-191.253E-03
+82.000E-03,-209.312E-03
+84.500E-03,-251.084E-03
+87.000E-03,-328.188E-03
+89.500E-03,-443.923E-03
+92.000E-03,-638.803E-03
+94.500E-03,-861.479E-03
+97.000E-03,-1.100958E+00
+99.500E-03,-1.355512E+00
+102.000E-03,-1.623414E+00
+104.500E-03,-1.926806E+00
+107.000E-03,-2.201303E+00
+109.500E-03,-2.412673E+00
+112.000E-03,-2.505166E+00
+114.500E-03,-2.516787E+00
+117.000E-03,-2.438584E+00
+119.500E-03,-2.340279E+00
+122.000E-03,-2.137547E+00
+124.500E-03,-1.757679E+00
+127.000E-03,-1.189840E+00
+129.500E-03,-693.923E-03
+132.000E-03,-282.648E-03
+134.500E-03,-61.542E-03
+137.000E-03,+77.277E-03
+139.500E-03,+140.091E-03
+142.000E-03,+177.151E-03
+144.500E-03,+200.864E-03
+147.000E-03,+205.104E-03
+149.500E-03,+208.558E-03
+152.000E-03,+209.344E-03
+154.500E-03,+211.699E-03
+157.000E-03,+216.567E-03
+159.500E-03,+214.212E-03
+162.000E-03,+220.179E-03
+164.500E-03,+223.163E-03
+167.000E-03,+225.518E-03
+169.500E-03,+227.403E-03
+172.000E-03,+220.179E-03
+174.500E-03,+215.782E-03
+177.000E-03,+214.212E-03
+179.500E-03,+223.948E-03
+182.000E-03,+225.204E-03
+184.500E-03,+230.700E-03
+187.000E-03,+224.262E-03
+189.500E-03,+222.220E-03
+192.000E-03,+210.757E-03
+194.500E-03,+217.352E-03
+197.000E-03,+222.063E-03
+199.500E-03,+215.311E-03
+202.000E-03,+223.477E-03
+204.500E-03,+232.585E-03
+207.000E-03,+223.477E-03
+209.500E-03,+217.823E-03
+212.000E-03,+219.237E-03
+214.500E-03,+215.468E-03
+217.000E-03,+218.295E-03
+219.500E-03,+218.609E-03
+222.000E-03,+226.932E-03
+224.500E-03,+227.246E-03
+227.000E-03,+224.576E-03
+229.500E-03,+224.576E-03
+232.000E-03,+216.253E-03
+234.500E-03,+219.865E-03
+237.000E-03,+219.394E-03
+239.500E-03,+219.551E-03
+242.000E-03,+227.246E-03
+244.500E-03,+225.832E-03
+247.000E-03,+221.121E-03
+249.500E-03,+226.303E-03
+252.000E-03,+224.262E-03
+254.500E-03,+217.352E-03
+257.000E-03,+220.964E-03
+259.500E-03,+225.832E-03
+262.000E-03,+225.361E-03
+264.500E-03,+230.072E-03
+267.000E-03,+230.386E-03
+269.500E-03,+229.130E-03
+272.000E-03,+221.121E-03
+274.500E-03,+220.964E-03
+277.000E-03,+215.782E-03
+279.500E-03,+216.410E-03
+282.000E-03,+219.551E-03
+284.500E-03,+234.783E-03
+287.000E-03,+231.643E-03
+289.500E-03,+228.188E-03
+292.000E-03,+218.138E-03
+294.500E-03,+214.212E-03
+297.000E-03,+214.683E-03
+299.500E-03,+218.923E-03
+302.000E-03,+224.890E-03
+304.500E-03,+230.072E-03
+307.000E-03,+228.659E-03
+309.500E-03,+226.774E-03
+312.000E-03,+223.320E-03
+314.500E-03,+212.798E-03
+317.000E-03,+219.237E-03
+319.500E-03,+219.551E-03
+322.000E-03,+225.675E-03
+324.500E-03,+232.742E-03
+327.000E-03,+227.403E-03
+329.500E-03,+226.617E-03
+332.000E-03,+218.138E-03
+334.500E-03,+212.955E-03
+337.000E-03,+217.981E-03
+339.500E-03,+218.923E-03
+342.000E-03,+224.419E-03
+344.500E-03,+229.130E-03
+347.000E-03,+226.146E-03
+349.500E-03,+225.361E-03
+352.000E-03,+220.179E-03
+354.500E-03,+219.080E-03
+357.000E-03,+223.634E-03
+359.500E-03,+214.840E-03
+362.000E-03,+218.923E-03
+364.500E-03,+225.047E-03
+367.000E-03,+223.791E-03
+369.500E-03,+227.403E-03
+372.000E-03,+227.560E-03
+374.500E-03,+216.096E-03
+377.000E-03,+216.410E-03
+379.500E-03,+214.840E-03
+382.000E-03,+227.246E-03
+384.500E-03,+226.146E-03
+387.000E-03,+222.849E-03
+389.500E-03,+230.229E-03
+392.000E-03,+223.477E-03
+394.500E-03,+213.269E-03
+397.000E-03,+222.220E-03
+399.500E-03,+223.006E-03
+402.000E-03,+223.634E-03
+404.500E-03,+232.114E-03
+407.000E-03,+228.345E-03
+409.500E-03,+230.857E-03
+412.000E-03,+223.163E-03
+414.500E-03,+215.625E-03
+417.000E-03,+220.807E-03
+419.500E-03,+219.865E-03
+422.000E-03,+223.163E-03
+424.500E-03,+232.899E-03
+427.000E-03,+228.031E-03
+429.500E-03,+224.890E-03
+432.000E-03,+221.435E-03
+434.500E-03,+216.253E-03
+437.000E-03,+217.981E-03
+439.500E-03,+222.378E-03
+442.000E-03,+225.832E-03
+444.500E-03,+230.543E-03
+447.000E-03,+221.435E-03
+449.500E-03,+222.849E-03
+452.000E-03,+219.551E-03
+454.500E-03,+205.732E-03
+457.000E-03,+214.526E-03
+459.500E-03,+222.849E-03
+462.000E-03,+225.832E-03
+464.500E-03,+230.386E-03
+467.000E-03,+226.774E-03
+469.500E-03,+223.006E-03
+472.000E-03,+209.658E-03
+474.500E-03,+210.757E-03
+477.000E-03,+218.609E-03
+479.500E-03,+225.675E-03
+482.000E-03,+231.014E-03
+484.500E-03,+235.097E-03
+487.000E-03,+231.329E-03
+489.500E-03,+228.188E-03
+492.000E-03,+215.782E-03
+494.500E-03,+212.798E-03
+497.000E-03,+215.625E-03
+499.500E-03,+214.526E-03
+502.000E-03,+228.031E-03
+504.500E-03,+235.883E-03
+507.000E-03,+233.527E-03
+509.500E-03,+221.278E-03
+512.000E-03,+217.352E-03
+514.500E-03,+212.327E-03
+517.000E-03,+208.872E-03
+519.500E-03,+218.295E-03
+522.000E-03,+230.229E-03
+524.500E-03,+234.626E-03
+527.000E-03,+231.171E-03
+529.500E-03,+227.560E-03
+532.000E-03,+214.683E-03
+534.500E-03,+203.219E-03
+537.000E-03,+214.212E-03
+539.500E-03,+221.121E-03
+542.000E-03,+227.246E-03
+544.500E-03,+231.800E-03
+547.000E-03,+234.940E-03
+549.500E-03,+224.733E-03
+552.000E-03,+214.683E-03
+554.500E-03,+208.872E-03
+557.000E-03,+215.939E-03
+559.500E-03,+219.080E-03
+562.000E-03,+228.973E-03
+564.500E-03,+238.709E-03
+567.000E-03,+229.130E-03
+569.500E-03,+226.303E-03
+572.000E-03,+216.881E-03
+574.500E-03,+206.831E-03
+577.000E-03,+205.104E-03
+579.500E-03,+213.427E-03
+582.000E-03,+220.493E-03
+584.500E-03,+217.666E-03
+587.000E-03,+214.055E-03
+589.500E-03,+206.203E-03
+592.000E-03,+197.252E-03
+594.500E-03,+184.532E-03
+597.000E-03,+192.698E-03
+599.500E-03,+198.351E-03
+602.000E-03,+205.261E-03
+604.500E-03,+212.641E-03
+607.000E-03,+208.401E-03
+609.500E-03,+202.748E-03
+612.000E-03,+197.095E-03
+614.500E-03,+192.384E-03
+617.000E-03,+199.136E-03
+619.500E-03,+209.501E-03
+622.000E-03,+209.972E-03
+624.500E-03,+224.419E-03
+627.000E-03,+225.361E-03
+629.500E-03,+220.336E-03
+632.000E-03,+213.269E-03
+634.500E-03,+208.558E-03
+637.000E-03,+213.741E-03
+639.500E-03,+213.269E-03
+642.000E-03,+224.105E-03
+644.500E-03,+233.684E-03
+647.000E-03,+227.560E-03
+649.500E-03,+215.782E-03
+652.000E-03,+209.972E-03
+654.500E-03,+202.905E-03
+657.000E-03,+202.277E-03
+659.500E-03,+211.699E-03
+662.000E-03,+227.246E-03
+664.500E-03,+222.692E-03
+667.000E-03,+217.823E-03
+669.500E-03,+215.311E-03
+672.000E-03,+207.930E-03
+674.500E-03,+200.079E-03
+677.000E-03,+204.318E-03
+679.500E-03,+212.013E-03
+682.000E-03,+213.741E-03
+684.500E-03,+215.782E-03
+687.000E-03,+202.120E-03
+689.500E-03,+192.698E-03
+692.000E-03,+183.904E-03
+694.500E-03,+180.763E-03
+697.000E-03,+188.144E-03
+699.500E-03,+190.813E-03
+702.000E-03,+195.996E-03
+704.500E-03,+203.376E-03
+707.000E-03,+195.839E-03
+709.500E-03,+190.970E-03
+712.000E-03,+189.086E-03
+714.500E-03,+188.144E-03
+717.000E-03,+195.053E-03
+719.500E-03,+204.004E-03
+722.000E-03,+218.452E-03
+724.500E-03,+217.195E-03
+727.000E-03,+208.715E-03
+729.500E-03,+204.947E-03
+732.000E-03,+187.673E-03
+734.500E-03,+182.019E-03
+737.000E-03,+179.821E-03
+739.500E-03,+180.606E-03
+742.000E-03,+180.920E-03
+744.500E-03,+180.920E-03
+747.000E-03,+176.523E-03
+749.500E-03,+174.325E-03
+752.000E-03,+161.291E-03
+754.500E-03,+155.481E-03
+757.000E-03,+162.390E-03
+759.500E-03,+175.267E-03
+762.000E-03,+179.664E-03
+764.500E-03,+180.763E-03
+767.000E-03,+181.234E-03
+769.500E-03,+173.697E-03
+772.000E-03,+177.937E-03
+774.500E-03,+174.639E-03
+777.000E-03,+174.482E-03
+779.500E-03,+167.572E-03
+782.000E-03,+156.266E-03
+784.500E-03,+146.844E-03
+787.000E-03,+113.552E-03
+789.500E-03,+94.551E-03
+792.000E-03,+85.443E-03
+794.500E-03,+75.236E-03
+797.000E-03,+67.070E-03
+799.500E-03,+66.128E-03
+802.000E-03,+68.954E-03
+804.500E-03,+76.806E-03
+807.000E-03,+80.418E-03
+809.500E-03,+84.187E-03
+812.000E-03,+86.385E-03
+814.500E-03,+77.434E-03
+817.000E-03,+94.551E-03
+819.500E-03,+120.619E-03
+822.000E-03,+150.612E-03
+824.500E-03,+170.556E-03
+827.000E-03,+174.325E-03
+829.500E-03,+160.035E-03
+832.000E-03,+143.075E-03
+834.500E-03,+124.545E-03
+837.000E-03,+109.312E-03
+839.500E-03,+102.089E-03
+842.000E-03,+100.675E-03
+844.500E-03,+95.964E-03
+847.000E-03,+83.872E-03
+849.500E-03,+62.673E-03
+852.000E-03,+63.144E-03
+854.500E-03,+57.805E-03
+857.000E-03,+74.293E-03
+859.500E-03,+92.823E-03
+862.000E-03,+100.204E-03
+864.500E-03,+102.874E-03
+867.000E-03,+109.783E-03
+869.500E-03,+110.254E-03
+872.000E-03,+125.801E-03
+874.500E-03,+130.512E-03
+877.000E-03,+130.041E-03
+879.500E-03,+110.097E-03
+882.000E-03,+78.062E-03
+884.500E-03,+46.184E-03
+887.000E-03,+7.553E-03
+889.500E-03,-14.589E-03
+892.000E-03,-39.086E-03
+894.500E-03,-58.872E-03
+897.000E-03,-61.856E-03
+899.500E-03,-67.823E-03
+902.000E-03,-77.560E-03
+904.500E-03,-60.129E-03
+907.000E-03,-34.375E-03
+909.500E-03,-24.482E-03
+912.000E-03,-23.068E-03
+914.500E-03,-22.911E-03
+917.000E-03,+15.876E-03
+919.500E-03,+71.310E-03
+922.000E-03,+123.602E-03
+924.500E-03,+175.581E-03
+927.000E-03,+188.144E-03
+929.500E-03,+198.194E-03
+932.000E-03,+201.335E-03
+934.500E-03,+203.376E-03
+937.000E-03,+207.930E-03
+939.500E-03,+213.269E-03
+942.000E-03,+220.022E-03
+944.500E-03,+216.881E-03
+947.000E-03,+212.955E-03
+949.500E-03,+208.872E-03
+952.000E-03,+203.690E-03
+954.500E-03,+195.996E-03
+957.000E-03,+208.715E-03
+959.500E-03,+220.336E-03
+962.000E-03,+212.641E-03
+964.500E-03,+224.733E-03
+967.000E-03,+218.609E-03
+969.500E-03,+211.542E-03
+972.000E-03,+209.030E-03
+974.500E-03,+210.757E-03
+977.000E-03,+217.352E-03
+979.500E-03,+218.295E-03
+982.000E-03,+221.121E-03
+984.500E-03,+223.948E-03
+987.000E-03,+211.071E-03
+989.500E-03,+202.591E-03
+992.000E-03,+204.790E-03
+994.500E-03,+200.236E-03
+997.000E-03,+208.087E-03
+999.500E-03,+209.658E-03
+1.002000E+00,+210.443E-03
+1.004500E+00,+218.923E-03
+1.007000E+00,+212.798E-03
+1.009500E+00,+212.013E-03
+1.012000E+00,+211.071E-03
+1.014500E+00,+208.087E-03
+1.017000E+00,+208.715E-03
+1.019500E+00,+214.369E-03
+1.022000E+00,+221.749E-03
+1.024500E+00,+227.717E-03
+1.027000E+00,+223.320E-03
+1.029500E+00,+223.006E-03
+1.032000E+00,+220.493E-03
+1.034500E+00,+210.914E-03
+1.037000E+00,+218.138E-03
+1.039500E+00,+222.692E-03
+1.042000E+00,+225.675E-03
+1.044500E+00,+232.899E-03
+1.047000E+00,+225.361E-03
+1.049500E+00,+221.749E-03
+1.052000E+00,+215.154E-03
+1.054500E+00,+215.311E-03
+1.057000E+00,+223.320E-03
+1.059500E+00,+226.774E-03
+1.062000E+00,+225.518E-03
+1.064500E+00,+230.700E-03
+1.067000E+00,+222.692E-03
+1.069500E+00,+222.535E-03
+1.072000E+00,+220.650E-03
+1.074500E+00,+218.138E-03
+1.077000E+00,+221.906E-03
+1.079500E+00,+222.535E-03
+1.082000E+00,+228.973E-03
+1.084500E+00,+224.262E-03
+1.087000E+00,+223.006E-03
+1.089500E+00,+216.881E-03
+1.092000E+00,+216.881E-03
+1.094500E+00,+214.840E-03
+1.097000E+00,+219.865E-03
+1.099500E+00,+226.774E-03
+1.102000E+00,+222.692E-03
+1.104500E+00,+226.146E-03
+1.107000E+00,+224.733E-03
+1.109500E+00,+215.154E-03
+1.112000E+00,+214.683E-03
+1.114500E+00,+213.427E-03
+1.117000E+00,+216.881E-03
+1.119500E+00,+223.006E-03
+1.122000E+00,+221.278E-03
+1.124500E+00,+224.576E-03
+1.127000E+00,+221.906E-03
+1.129500E+00,+218.766E-03
+1.132000E+00,+219.394E-03
+1.134500E+00,+218.609E-03
+1.137000E+00,+223.791E-03
+1.139500E+00,+225.361E-03
+1.142000E+00,+223.634E-03
+1.144500E+00,+232.114E-03
+1.147000E+00,+221.592E-03
+1.149500E+00,+217.038E-03
+1.152000E+00,+219.865E-03
+1.154500E+00,+221.906E-03
+1.157000E+00,+222.692E-03
+1.159500E+00,+227.246E-03
+1.162000E+00,+225.047E-03
+1.164500E+00,+227.560E-03
+1.167000E+00,+224.262E-03
+1.169500E+00,+220.493E-03
+1.172000E+00,+217.509E-03
+1.174500E+00,+213.269E-03
+1.177000E+00,+221.435E-03
+1.179500E+00,+232.428E-03
+1.182000E+00,+225.989E-03
+1.184500E+00,+228.345E-03
+1.187000E+00,+224.105E-03
+1.189500E+00,+218.923E-03
+1.192000E+00,+213.427E-03
+1.194500E+00,+210.757E-03
+1.197000E+00,+217.666E-03
+1.199500E+00,+223.006E-03
+1.202000E+00,+224.105E-03
+1.204500E+00,+229.601E-03
+1.207000E+00,+221.278E-03
+1.209500E+00,+216.096E-03
+1.212000E+00,+218.295E-03
+1.214500E+00,+211.071E-03
+1.217000E+00,+215.782E-03
+1.219500E+00,+225.832E-03
+1.222000E+00,+226.774E-03
+1.224500E+00,+226.932E-03
+1.227000E+00,+222.220E-03
+1.229500E+00,+216.567E-03
+1.232000E+00,+216.410E-03
+1.234500E+00,+214.526E-03
+1.237000E+00,+213.898E-03
+1.239500E+00,+216.253E-03
+1.242000E+00,+224.262E-03
+1.244500E+00,+226.303E-03
+1.247000E+00,+223.163E-03
+1.249500E+00,+217.509E-03
+1.252000E+00,+217.352E-03
+1.254500E+00,+209.501E-03
+1.257000E+00,+209.501E-03
+1.259500E+00,+218.923E-03
+1.262000E+00,+221.121E-03
+1.264500E+00,+227.717E-03
+1.267000E+00,+227.246E-03
+1.269500E+00,+217.509E-03
+1.272000E+00,+214.055E-03
+1.274500E+00,+210.286E-03
+1.277000E+00,+203.376E-03
+1.279500E+00,+204.318E-03
+1.282000E+00,+205.261E-03
+1.284500E+00,+209.815E-03
+1.287000E+00,+203.533E-03
+1.289500E+00,+196.310E-03
+1.292000E+00,+197.252E-03
+1.294500E+00,+187.673E-03
+1.297000E+00,+187.987E-03
+1.299500E+00,+192.855E-03
+1.302000E+00,+198.822E-03
+1.304500E+00,+200.393E-03
+1.307000E+00,+200.236E-03
+1.309500E+00,+194.739E-03
+1.312000E+00,+192.070E-03
+1.314500E+00,+187.830E-03
+1.317000E+00,+195.524E-03
+1.319500E+00,+200.707E-03
+1.322000E+00,+202.748E-03
+1.324500E+00,+200.079E-03
+1.327000E+00,+188.458E-03
+1.329500E+00,+173.225E-03
+1.332000E+00,+159.406E-03
+1.334500E+00,+151.398E-03
+1.337000E+00,+147.315E-03
+1.339500E+00,+144.174E-03
+1.342000E+00,+136.636E-03
+1.344500E+00,+134.752E-03
+1.347000E+00,+124.859E-03
+1.349500E+00,+116.536E-03
+1.352000E+00,+116.065E-03
+1.354500E+00,+117.949E-03
+1.357000E+00,+126.272E-03
+1.359500E+00,+131.611E-03
+1.362000E+00,+120.619E-03
+1.364500E+00,+118.263E-03
+1.367000E+00,+121.404E-03
+1.369500E+00,+102.717E-03
+1.372000E+00,+67.698E-03
+1.374500E+00,-5.166E-03
+1.377000E+00,-104.727E-03
+1.379500E+00,-207.742E-03
+1.382000E+00,-294.582E-03
+1.384500E+00,-359.124E-03
+1.387000E+00,-415.813E-03
+1.389500E+00,-464.808E-03
+1.392000E+00,-510.820E-03
+1.394500E+00,-563.427E-03
+1.397000E+00,-577.246E-03
+1.399500E+00,-571.592E-03
+1.402000E+00,-528.565E-03
+1.404500E+00,-451.460E-03
+1.407000E+00,-408.904E-03
+1.409500E+00,-411.102E-03
+1.412000E+00,-387.076E-03
+1.414500E+00,-300.236E-03
+1.417000E+00,-155.606E-03
+1.419500E+00,-7.051E-03
+1.422000E+00,+98.477E-03
+1.424500E+00,+157.208E-03
+1.427000E+00,+183.276E-03
+1.429500E+00,+188.144E-03
+1.432000E+00,+193.640E-03
+1.434500E+00,+193.326E-03
+1.437000E+00,+193.012E-03
+1.439500E+00,+198.508E-03
+1.442000E+00,+201.021E-03
+1.444500E+00,+198.979E-03
+1.447000E+00,+195.210E-03
+1.449500E+00,+195.682E-03
+1.452000E+00,+199.293E-03
+1.454500E+00,+194.268E-03
+1.457000E+00,+201.335E-03
+1.459500E+00,+202.120E-03
+1.462000E+00,+202.434E-03
+1.464500E+00,+211.071E-03
+1.467000E+00,+207.459E-03
+1.469500E+00,+213.112E-03
+1.472000E+00,+211.542E-03
+1.474500E+00,+207.773E-03
+1.477000E+00,+207.773E-03
+1.479500E+00,+206.831E-03
+1.482000E+00,+202.591E-03
+1.484500E+00,+205.732E-03
+1.487000E+00,+205.575E-03
+1.489500E+00,+204.790E-03
+1.492000E+00,+198.822E-03
+1.494500E+00,+195.367E-03
+1.497000E+00,+196.781E-03
+1.499500E+00,+193.797E-03
+1.502000E+00,+195.210E-03
+1.504500E+00,+202.277E-03
+1.507000E+00,+204.633E-03
+1.509500E+00,+200.864E-03
+1.512000E+00,+205.104E-03
+1.514500E+00,+205.732E-03
+1.517000E+00,+205.418E-03
+1.519500E+00,+206.988E-03
+1.522000E+00,+214.840E-03
+1.524500E+00,+221.121E-03
+1.527000E+00,+223.948E-03
+1.529500E+00,+221.592E-03
+1.532000E+00,+225.518E-03
+1.534500E+00,+215.939E-03
+1.537000E+00,+218.766E-03
+1.539500E+00,+223.948E-03
+1.542000E+00,+220.807E-03
+1.544500E+00,+225.361E-03
+1.547000E+00,+230.229E-03
+1.549500E+00,+222.063E-03
+1.552000E+00,+223.477E-03
+1.554500E+00,+218.923E-03
+1.557000E+00,+216.096E-03
+1.559500E+00,+217.038E-03
+1.562000E+00,+219.080E-03
+1.564500E+00,+223.320E-03
+1.567000E+00,+219.865E-03
+1.569500E+00,+219.708E-03
+1.572000E+00,+222.378E-03
+1.574500E+00,+214.840E-03
+1.577000E+00,+215.468E-03
+1.579500E+00,+215.939E-03
+1.582000E+00,+212.641E-03
+1.584500E+00,+222.378E-03
+1.587000E+00,+217.352E-03
+1.589500E+00,+210.600E-03
+1.592000E+00,+214.526E-03
+1.594500E+00,+208.715E-03
+1.597000E+00,+209.501E-03
+1.599500E+00,+213.112E-03
+1.602000E+00,+219.080E-03
+1.604500E+00,+220.650E-03
+1.607000E+00,+214.212E-03
+1.609500E+00,+216.724E-03
+1.612000E+00,+216.096E-03
+1.614500E+00,+217.509E-03
+1.617000E+00,+219.080E-03
+1.619500E+00,+223.163E-03
+1.622000E+00,+223.791E-03
+1.624500E+00,+221.592E-03
+1.627000E+00,+227.089E-03
+1.629500E+00,+225.204E-03
+1.632000E+00,+222.849E-03
+1.634500E+00,+222.692E-03
+1.637000E+00,+220.493E-03
+1.639500E+00,+222.692E-03
+1.642000E+00,+222.692E-03
+1.644500E+00,+228.188E-03
+1.647000E+00,+227.874E-03
+1.649500E+00,+220.179E-03
+1.652000E+00,+223.320E-03
+1.654500E+00,+214.997E-03
+1.657000E+00,+216.410E-03
+1.659500E+00,+220.493E-03
+1.662000E+00,+219.394E-03
+1.664500E+00,+220.493E-03
+1.667000E+00,+227.246E-03
+1.669500E+00,+226.303E-03
+1.672000E+00,+220.336E-03
+1.674500E+00,+215.939E-03
+1.677000E+00,+218.138E-03
+1.679500E+00,+219.865E-03
+1.682000E+00,+222.692E-03
+1.684500E+00,+220.650E-03
+1.687000E+00,+226.932E-03
+1.689500E+00,+226.617E-03
+1.692000E+00,+222.063E-03
+1.694500E+00,+216.253E-03
+1.697000E+00,+217.352E-03
+1.699500E+00,+223.163E-03
+1.702000E+00,+223.320E-03
+1.704500E+00,+224.890E-03
+1.707000E+00,+226.460E-03
+1.709500E+00,+224.419E-03
+1.712000E+00,+219.080E-03
+1.714500E+00,+215.939E-03
+1.717000E+00,+220.650E-03
+1.719500E+00,+219.865E-03
+1.722000E+00,+219.551E-03
+1.724500E+00,+226.303E-03
+1.727000E+00,+227.717E-03
+1.729500E+00,+222.220E-03
+1.732000E+00,+218.295E-03
+1.734500E+00,+220.650E-03
+1.737000E+00,+212.170E-03
+1.739500E+00,+212.013E-03
+1.742000E+00,+221.592E-03
+1.744500E+00,+224.105E-03
+1.747000E+00,+224.105E-03
+1.749500E+00,+224.262E-03
+1.752000E+00,+222.063E-03
+1.754500E+00,+214.369E-03
+1.757000E+00,+213.427E-03
+1.759500E+00,+219.865E-03
+1.762000E+00,+214.055E-03
+1.764500E+00,+221.906E-03
+1.767000E+00,+226.460E-03
+1.769500E+00,+227.403E-03
+1.772000E+00,+225.204E-03
+1.774500E+00,+217.195E-03
+1.777000E+00,+214.369E-03
+1.779500E+00,+215.311E-03
+1.782000E+00,+215.311E-03
+1.784500E+00,+217.823E-03
+1.787000E+00,+222.692E-03
+1.789500E+00,+217.666E-03
+1.792000E+00,+218.295E-03
+1.794500E+00,+211.071E-03
+1.797000E+00,+204.790E-03
+1.799500E+00,+210.129E-03
+1.802000E+00,+211.385E-03
+1.804500E+00,+213.269E-03
+1.807000E+00,+218.766E-03
+1.809500E+00,+216.096E-03
+1.812000E+00,+218.766E-03
+1.814500E+00,+216.096E-03
+1.817000E+00,+215.311E-03
+1.819500E+00,+220.650E-03
+1.822000E+00,+213.898E-03
+1.824500E+00,+223.477E-03
+1.827000E+00,+224.733E-03
+1.829500E+00,+224.890E-03
+1.832000E+00,+225.989E-03
+1.834500E+00,+216.253E-03
+1.837000E+00,+213.898E-03
+1.839500E+00,+222.535E-03
+1.842000E+00,+222.535E-03
+1.844500E+00,+225.361E-03
+1.847000E+00,+224.105E-03
+1.849500E+00,+224.105E-03
+1.852000E+00,+223.477E-03
+1.854500E+00,+220.022E-03
+1.857000E+00,+217.823E-03
+1.859500E+00,+219.865E-03
+1.862000E+00,+218.609E-03
+1.864500E+00,+226.617E-03
+1.867000E+00,+227.560E-03
+1.869500E+00,+222.220E-03
+1.872000E+00,+225.518E-03
+1.874500E+00,+221.592E-03
+1.877000E+00,+212.327E-03
+1.879500E+00,+218.452E-03
+1.882000E+00,+217.509E-03
+1.884500E+00,+220.179E-03
+1.887000E+00,+218.295E-03
+1.889500E+00,+217.195E-03
+1.892000E+00,+216.096E-03
+1.894500E+00,+214.840E-03
+1.897000E+00,+212.641E-03
+1.899500E+00,+215.782E-03
+1.902000E+00,+213.898E-03
+1.904500E+00,+217.666E-03
+1.907000E+00,+222.692E-03
+1.909500E+00,+221.121E-03
+1.912000E+00,+220.336E-03
+1.914500E+00,+215.782E-03
+1.917000E+00,+214.212E-03
+1.919500E+00,+222.063E-03
+1.922000E+00,+219.865E-03
+1.924500E+00,+225.204E-03
+1.927000E+00,+220.336E-03
+1.929500E+00,+219.551E-03
+1.932000E+00,+219.551E-03
+1.934500E+00,+216.567E-03
+1.937000E+00,+211.385E-03
+1.939500E+00,+216.253E-03
+1.942000E+00,+214.055E-03
+1.944500E+00,+217.195E-03
+1.947000E+00,+223.791E-03
+1.949500E+00,+214.683E-03
+1.952000E+00,+213.112E-03
+1.954500E+00,+213.112E-03
+1.957000E+00,+205.418E-03
+1.959500E+00,+212.170E-03
+1.962000E+00,+212.484E-03
+1.964500E+00,+214.997E-03
+1.967000E+00,+212.798E-03
+1.969500E+00,+197.566E-03
+1.972000E+00,+191.442E-03
+1.974500E+00,+181.234E-03
+1.977000E+00,+171.341E-03
+1.979500E+00,+166.630E-03
+1.982000E+00,+167.258E-03
+1.984500E+00,+163.803E-03
+1.987000E+00,+162.233E-03
+1.989500E+00,+155.323E-03
+1.992000E+00,+148.571E-03
+1.994500E+00,+146.372E-03
+1.997000E+00,+147.629E-03
+1.999500E+00,+160.977E-03
+2.002000E+00,+163.960E-03
+2.004500E+00,+164.903E-03
+2.007000E+00,+169.614E-03
+2.009500E+00,+176.680E-03
+2.012000E+00,+186.731E-03
+2.014500E+00,+198.351E-03
+2.017000E+00,+202.434E-03
+2.019500E+00,+214.212E-03
+2.022000E+00,+214.369E-03
+2.024500E+00,+221.278E-03
+2.027000E+00,+221.435E-03
+2.029500E+00,+212.484E-03
+2.032000E+00,+214.212E-03
+2.034500E+00,+208.715E-03
+2.037000E+00,+207.302E-03
+2.039500E+00,+212.013E-03
+2.042000E+00,+211.228E-03
+2.044500E+00,+209.658E-03
+2.047000E+00,+212.327E-03
+2.049500E+00,+207.302E-03
+2.052000E+00,+211.542E-03
+2.054500E+00,+210.757E-03
+2.057000E+00,+209.187E-03
+2.059500E+00,+211.385E-03
+2.062000E+00,+218.452E-03
+2.064500E+00,+218.766E-03
+2.067000E+00,+223.320E-03
+2.069500E+00,+221.592E-03
+2.072000E+00,+220.964E-03
+2.074500E+00,+215.311E-03
+2.077000E+00,+212.013E-03
+2.079500E+00,+215.154E-03
+2.082000E+00,+219.080E-03
+2.084500E+00,+220.807E-03
+2.087000E+00,+222.692E-03
+2.089500E+00,+215.468E-03
+2.092000E+00,+211.228E-03
+2.094500E+00,+209.658E-03
+2.097000E+00,+208.087E-03
+2.099500E+00,+216.253E-03
+2.102000E+00,+217.981E-03
+2.104500E+00,+224.262E-03
+2.107000E+00,+222.849E-03
+2.109500E+00,+215.468E-03
+2.112000E+00,+219.237E-03
+2.114500E+00,+208.715E-03
+2.117000E+00,+207.145E-03
+2.119500E+00,+216.253E-03
+2.122000E+00,+216.096E-03
+2.124500E+00,+215.782E-03
+2.127000E+00,+220.493E-03
+2.129500E+00,+214.997E-03
+2.132000E+00,+209.344E-03
+2.134500E+00,+205.575E-03
+2.137000E+00,+204.947E-03
+2.139500E+00,+205.575E-03
+2.142000E+00,+210.757E-03
+2.144500E+00,+215.154E-03
+2.147000E+00,+215.468E-03
+2.149500E+00,+207.145E-03
+2.152000E+00,+208.872E-03
+2.154500E+00,+202.748E-03
+2.157000E+00,+195.053E-03
+2.159500E+00,+195.367E-03
+2.162000E+00,+198.194E-03
+2.164500E+00,+198.037E-03
+2.167000E+00,+187.045E-03
+2.169500E+00,+166.787E-03
+2.172000E+00,+138.835E-03
+2.174500E+00,+102.246E-03
+2.177000E+00,+66.285E-03
+2.179500E+00,+42.101E-03
+2.182000E+00,+31.109E-03
+2.184500E+00,+24.827E-03
+2.187000E+00,+9.281E-03
+2.189500E+00,-9.720E-03
+2.192000E+00,-21.655E-03
+2.194500E+00,-26.680E-03
+2.197000E+00,-18.829E-03
+2.199500E+00,+3.313E-03
+2.202000E+00,+19.645E-03
+2.204500E+00,+28.910E-03
+2.207000E+00,+39.274E-03
+2.209500E+00,+54.664E-03
+2.212000E+00,+95.650E-03
+2.214500E+00,+132.396E-03
+2.217000E+00,+170.242E-03
+2.219500E+00,+196.310E-03
+2.222000E+00,+209.187E-03
+2.224500E+00,+216.410E-03
+2.227000E+00,+223.634E-03
+2.229500E+00,+220.336E-03
+2.232000E+00,+214.526E-03
+2.234500E+00,+216.253E-03
+2.237000E+00,+210.286E-03
+2.239500E+00,+212.955E-03
+2.242000E+00,+221.749E-03
+2.244500E+00,+220.022E-03
+2.247000E+00,+221.592E-03
+2.249500E+00,+221.435E-03
+2.252000E+00,+215.939E-03
+2.254500E+00,+218.923E-03
+2.257000E+00,+215.939E-03
+2.259500E+00,+217.195E-03
+2.262000E+00,+215.625E-03
+2.264500E+00,+218.295E-03
+2.267000E+00,+227.089E-03
+2.269500E+00,+223.006E-03
+2.272000E+00,+222.063E-03
+2.274500E+00,+218.138E-03
+2.277000E+00,+214.683E-03
+2.279500E+00,+215.468E-03
+2.282000E+00,+219.551E-03
+2.284500E+00,+226.303E-03
+2.287000E+00,+228.659E-03
+2.289500E+00,+223.948E-03
+2.292000E+00,+221.592E-03
+2.294500E+00,+218.923E-03
+2.297000E+00,+211.542E-03
+2.299500E+00,+220.022E-03
+2.302000E+00,+226.774E-03
+2.304500E+00,+227.717E-03
+2.307000E+00,+233.370E-03
+2.309500E+00,+224.576E-03
+2.312000E+00,+223.006E-03
+2.314500E+00,+223.477E-03
+2.317000E+00,+214.840E-03
+2.319500E+00,+216.410E-03
+2.322000E+00,+222.692E-03
+2.324500E+00,+225.047E-03
+2.327000E+00,+233.056E-03
+2.329500E+00,+218.923E-03
+2.332000E+00,+216.724E-03
+2.334500E+00,+217.195E-03
+2.337000E+00,+211.542E-03
+2.339500E+00,+221.121E-03
+2.342000E+00,+222.692E-03
+2.344500E+00,+223.791E-03
+2.347000E+00,+233.056E-03
+2.349500E+00,+224.262E-03
+2.352000E+00,+219.237E-03
+2.354500E+00,+217.195E-03
+2.357000E+00,+216.096E-03
+2.359500E+00,+220.493E-03
+2.362000E+00,+218.766E-03
+2.364500E+00,+227.403E-03
+2.367000E+00,+226.932E-03
+2.369500E+00,+226.932E-03
+2.372000E+00,+222.849E-03
+2.374500E+00,+215.782E-03
+2.377000E+00,+213.269E-03
+2.379500E+00,+218.923E-03
+2.382000E+00,+226.460E-03
+2.384500E+00,+228.031E-03
+2.387000E+00,+230.229E-03
+2.389500E+00,+230.857E-03
+2.392000E+00,+221.592E-03
+2.394500E+00,+212.484E-03
+2.397000E+00,+214.212E-03
+2.399500E+00,+220.964E-03
+2.402000E+00,+229.130E-03
+2.404500E+00,+226.932E-03
+2.407000E+00,+233.370E-03
+2.409500E+00,+227.089E-03
+2.412000E+00,+217.823E-03
+2.414500E+00,+216.567E-03
+2.417000E+00,+216.096E-03
+2.419500E+00,+217.666E-03
+2.422000E+00,+226.303E-03
+2.424500E+00,+233.370E-03
+2.427000E+00,+228.816E-03
+2.429500E+00,+218.295E-03
+2.432000E+00,+219.394E-03
+2.434500E+00,+215.311E-03
+2.437000E+00,+215.625E-03
+2.439500E+00,+219.394E-03
+2.442000E+00,+232.899E-03
+2.444500E+00,+225.204E-03
+2.447000E+00,+228.502E-03
+2.449500E+00,+222.692E-03
+2.452000E+00,+219.080E-03
+2.454500E+00,+214.369E-03
+2.457000E+00,+213.741E-03
+2.459500E+00,+225.361E-03
+2.462000E+00,+229.130E-03
+2.464500E+00,+227.874E-03
+2.467000E+00,+229.130E-03
+2.469500E+00,+224.733E-03
+2.472000E+00,+216.096E-03
+2.474500E+00,+215.782E-03
+2.477000E+00,+213.112E-03
+2.479500E+00,+223.791E-03
+2.482000E+00,+226.617E-03
+2.484500E+00,+227.089E-03
+2.487000E+00,+228.816E-03
+2.489500E+00,+223.006E-03
+2.492000E+00,+216.567E-03
+2.494500E+00,+213.584E-03
+2.497000E+00,+214.369E-03
+2.499500E+00,+220.179E-03
+2.502000E+00,+228.973E-03
+2.504500E+00,+229.601E-03
+2.507000E+00,+230.700E-03
+2.509500E+00,+221.278E-03
+2.512000E+00,+223.320E-03
+2.514500E+00,+217.195E-03
+2.517000E+00,+210.600E-03
+2.519500E+00,+218.766E-03
+2.522000E+00,+226.460E-03
+2.524500E+00,+227.717E-03
+2.527000E+00,+228.031E-03
+2.529500E+00,+226.146E-03
+2.532000E+00,+215.782E-03
+2.534500E+00,+209.030E-03
+2.537000E+00,+210.914E-03
+2.539500E+00,+223.634E-03
+2.542000E+00,+227.874E-03
+2.544500E+00,+228.659E-03
+2.547000E+00,+237.453E-03
+2.549500E+00,+225.675E-03
+2.552000E+00,+208.872E-03
+2.554500E+00,+213.269E-03
+2.557000E+00,+214.055E-03
+2.559500E+00,+223.634E-03
+2.562000E+00,+227.403E-03
+2.564500E+00,+230.543E-03
+2.567000E+00,+227.874E-03
+2.569500E+00,+219.394E-03
+2.572000E+00,+214.997E-03
+2.574500E+00,+213.898E-03
+2.577000E+00,+210.600E-03
+2.579500E+00,+223.791E-03
+2.582000E+00,+228.345E-03
+2.584500E+00,+230.229E-03
+2.587000E+00,+228.345E-03
+2.589500E+00,+225.518E-03
+2.592000E+00,+212.641E-03
+2.594500E+00,+210.600E-03
+2.597000E+00,+214.997E-03
+2.599500E+00,+229.758E-03
+2.602000E+00,+227.874E-03
+2.604500E+00,+231.171E-03
+2.607000E+00,+228.502E-03
+2.609500E+00,+220.022E-03
+2.612000E+00,+214.055E-03
+2.614500E+00,+215.939E-03
+2.617000E+00,+211.856E-03
+2.619500E+00,+224.890E-03
+2.622000E+00,+226.146E-03
+2.624500E+00,+232.114E-03
+2.627000E+00,+227.717E-03
+2.629500E+00,+225.047E-03
+2.632000E+00,+211.699E-03
+2.634500E+00,+214.683E-03
+2.637000E+00,+218.295E-03
+2.639500E+00,+217.666E-03
+2.642000E+00,+226.460E-03
+2.644500E+00,+236.511E-03
+2.647000E+00,+227.246E-03
+2.649500E+00,+217.038E-03
+2.652000E+00,+217.666E-03
+2.654500E+00,+214.212E-03
+2.657000E+00,+208.872E-03
+2.659500E+00,+222.378E-03
+2.662000E+00,+233.213E-03
+2.664500E+00,+229.130E-03
+2.667000E+00,+229.130E-03
+2.669500E+00,+222.063E-03
+2.672000E+00,+214.840E-03
+2.674500E+00,+208.401E-03
+2.677000E+00,+211.228E-03
+2.679500E+00,+224.733E-03
+2.682000E+00,+230.229E-03
+2.684500E+00,+228.659E-03
+2.687000E+00,+233.841E-03
+2.689500E+00,+222.378E-03
+2.692000E+00,+209.501E-03
+2.694500E+00,+211.228E-03
+2.697000E+00,+217.666E-03
+2.699500E+00,+226.932E-03
+2.702000E+00,+231.643E-03
+2.704500E+00,+229.287E-03
+2.707000E+00,+225.832E-03
+2.709500E+00,+214.526E-03
+2.712000E+00,+214.997E-03
+2.714500E+00,+217.038E-03
+2.717000E+00,+215.939E-03
+2.719500E+00,+225.047E-03
+2.722000E+00,+241.222E-03
+2.724500E+00,+224.733E-03
+2.727000E+00,+223.320E-03
+2.729500E+00,+219.237E-03
+2.732000E+00,+211.228E-03
+2.734500E+00,+212.327E-03
+2.737000E+00,+214.683E-03
+2.739500E+00,+220.336E-03
+2.742000E+00,+229.915E-03
+2.744500E+00,+230.386E-03
+2.747000E+00,+223.006E-03
+2.749500E+00,+217.352E-03
+2.752000E+00,+211.228E-03
+2.754500E+00,+215.782E-03
+2.757000E+00,+217.509E-03
+2.759500E+00,+227.403E-03
+2.762000E+00,+231.800E-03
+2.764500E+00,+229.758E-03
+2.767000E+00,+229.444E-03
+2.769500E+00,+213.741E-03
+2.772000E+00,+212.641E-03
+2.774500E+00,+212.641E-03
+2.777000E+00,+218.138E-03
+2.779500E+00,+224.419E-03
+2.782000E+00,+227.874E-03
+2.784500E+00,+236.040E-03
+2.787000E+00,+225.832E-03
+2.789500E+00,+214.997E-03
+2.792000E+00,+213.741E-03
+2.794500E+00,+212.955E-03
+2.797000E+00,+211.856E-03
+2.799500E+00,+228.188E-03
+2.802000E+00,+238.709E-03
+2.804500E+00,+229.130E-03
+2.807000E+00,+222.220E-03
+2.809500E+00,+217.666E-03
+2.812000E+00,+205.732E-03
+2.814500E+00,+210.757E-03
+2.817000E+00,+215.311E-03
+2.819500E+00,+229.130E-03
+2.822000E+00,+232.271E-03
+2.824500E+00,+227.717E-03
+2.827000E+00,+230.072E-03
+2.829500E+00,+213.584E-03
+2.832000E+00,+208.087E-03
+2.834500E+00,+215.311E-03
+2.837000E+00,+218.923E-03
+2.839500E+00,+224.890E-03
+2.842000E+00,+231.329E-03
+2.844500E+00,+234.940E-03
+2.847000E+00,+222.692E-03
+2.849500E+00,+209.501E-03
+2.852000E+00,+213.427E-03
+2.854500E+00,+215.939E-03
+2.857000E+00,+214.526E-03
+2.859500E+00,+228.502E-03
+2.862000E+00,+235.568E-03
+2.864500E+00,+230.072E-03
+2.867000E+00,+232.428E-03
+2.869500E+00,+220.493E-03
+2.872000E+00,+211.699E-03
+2.874500E+00,+213.898E-03
+2.877000E+00,+216.410E-03
+2.879500E+00,+223.791E-03
+2.882000E+00,+233.684E-03
+2.884500E+00,+228.502E-03
+2.887000E+00,+225.361E-03
+2.889500E+00,+221.435E-03
+2.892000E+00,+214.683E-03
+2.894500E+00,+211.385E-03
+2.897000E+00,+217.509E-03
+2.899500E+00,+225.518E-03
+2.902000E+00,+232.428E-03
+2.904500E+00,+233.841E-03
+2.907000E+00,+227.717E-03
+2.909500E+00,+215.939E-03
+2.912000E+00,+211.542E-03
+2.914500E+00,+218.766E-03
+2.917000E+00,+216.567E-03
+2.919500E+00,+224.105E-03
+2.922000E+00,+235.411E-03
+2.924500E+00,+239.808E-03
+2.927000E+00,+224.733E-03
+2.929500E+00,+217.195E-03
+2.932000E+00,+215.939E-03
+2.934500E+00,+216.253E-03
+2.937000E+00,+215.625E-03
+2.939500E+00,+224.890E-03
+2.942000E+00,+235.254E-03
+2.944500E+00,+228.502E-03
+2.947000E+00,+219.237E-03
+2.949500E+00,+213.898E-03
+2.952000E+00,+213.584E-03
+2.954500E+00,+213.427E-03
+2.957000E+00,+223.477E-03
+2.959500E+00,+229.287E-03
+2.962000E+00,+228.345E-03
+2.964500E+00,+223.948E-03
+2.967000E+00,+225.204E-03
+2.969500E+00,+211.699E-03
+2.972000E+00,+201.963E-03
+2.974500E+00,+218.609E-03
+2.977000E+00,+223.634E-03
+2.979500E+00,+225.989E-03
+2.982000E+00,+230.386E-03
+2.984500E+00,+226.932E-03
+2.987000E+00,+223.634E-03
+2.989500E+00,+174.168E-03
+2.992000E+00,+109.940E-03
+2.994500E+00,+91.096E-03
+2.997000E+00,+88.741E-03
+2.999500E+00,+95.650E-03
+3.002000E+00,+101.617E-03
+3.004500E+00,+98.163E-03
+3.007000E+00,+89.840E-03
+3.009500E+00,+81.674E-03
+3.012000E+00,+83.401E-03
+3.014500E+00,+84.815E-03
+3.017000E+00,+90.782E-03
+3.019500E+00,+102.403E-03
+3.022000E+00,+102.717E-03
+3.024500E+00,+95.650E-03
+3.027000E+00,+89.212E-03
+3.029500E+00,+86.542E-03
+3.032000E+00,+86.385E-03
+3.034500E+00,+82.616E-03
+3.037000E+00,+84.972E-03
+3.039500E+00,+80.732E-03
+3.042000E+00,+77.591E-03
+3.044500E+00,+55.920E-03
+3.047000E+00,+30.009E-03
+3.049500E+00,-13.960E-03
+3.052000E+00,-62.798E-03
+3.054500E+00,-113.364E-03
+3.057000E+00,-160.631E-03
+3.059500E+00,-179.633E-03
+3.062000E+00,-165.813E-03
+3.064500E+00,-170.996E-03
+3.067000E+00,-187.327E-03
+3.069500E+00,-213.395E-03
+3.072000E+00,-249.827E-03
+3.074500E+00,-313.741E-03
+3.077000E+00,-425.707E-03
+3.079500E+00,-583.370E-03
+3.082000E+00,-776.366E-03
+3.084500E+00,-1.031862E+00
+3.087000E+00,-1.284532E+00
+3.089500E+00,-1.554004E+00
+3.092000E+00,-1.868075E+00
+3.094500E+00,-2.144143E+00
+3.097000E+00,-2.380638E+00
+3.099500E+00,-2.485851E+00
+3.102000E+00,-2.512547E+00
+3.104500E+00,-2.471404E+00
+3.107000E+00,-2.385977E+00
+3.109500E+00,-2.196592E+00
+3.112000E+00,-1.886919E+00
+3.114500E+00,-1.352371E+00
+3.117000E+00,-832.899E-03
+3.119500E+00,-371.058E-03
+3.122000E+00,-98.288E-03
+3.124500E+00,+55.449E-03
+3.127000E+00,+132.239E-03
+3.129500E+00,+159.720E-03
+3.132000E+00,+180.135E-03
+3.134500E+00,+193.797E-03
+3.137000E+00,+205.261E-03
+3.139500E+00,+216.253E-03
+3.142000E+00,+222.220E-03
+3.144500E+00,+225.518E-03
+3.147000E+00,+220.650E-03
+3.149500E+00,+213.269E-03
+3.152000E+00,+211.228E-03
+3.154500E+00,+216.253E-03
+3.157000E+00,+214.526E-03
+3.159500E+00,+220.964E-03
+3.162000E+00,+230.543E-03
+3.164500E+00,+225.361E-03
+3.167000E+00,+220.650E-03
+3.169500E+00,+217.509E-03
+3.172000E+00,+212.955E-03
+3.174500E+00,+212.484E-03
+3.177000E+00,+218.766E-03
+3.179500E+00,+228.816E-03
+3.182000E+00,+229.601E-03
+3.184500E+00,+223.320E-03
+3.187000E+00,+221.592E-03
+3.189500E+00,+214.055E-03
+3.192000E+00,+210.757E-03
+3.194500E+00,+217.038E-03
+3.197000E+00,+225.204E-03
+3.199500E+00,+228.502E-03
+3.202000E+00,+229.130E-03
+3.204500E+00,+220.179E-03
+3.207000E+00,+223.006E-03
+3.209500E+00,+214.997E-03
+3.212000E+00,+214.526E-03
+3.214500E+00,+216.253E-03
+3.217000E+00,+218.295E-03
+3.219500E+00,+229.130E-03
+3.222000E+00,+233.841E-03
+3.224500E+00,+228.816E-03
+3.227000E+00,+225.518E-03
+3.229500E+00,+218.138E-03
+3.232000E+00,+214.212E-03
+3.234500E+00,+214.369E-03
+3.237000E+00,+227.560E-03
+3.239500E+00,+228.659E-03
+3.242000E+00,+232.271E-03
+3.244500E+00,+232.585E-03
+3.247000E+00,+228.031E-03
+3.249500E+00,+220.964E-03
+3.252000E+00,+214.683E-03
+3.254500E+00,+218.452E-03
+3.257000E+00,+219.865E-03
+3.259500E+00,+221.592E-03
+3.262000E+00,+233.213E-03
+3.264500E+00,+223.948E-03
+3.267000E+00,+227.403E-03
+3.269500E+00,+219.080E-03
+3.272000E+00,+208.401E-03
+3.274500E+00,+216.881E-03
+3.277000E+00,+222.063E-03
+3.279500E+00,+231.643E-03
+3.282000E+00,+231.800E-03
+3.284500E+00,+231.800E-03
+3.287000E+00,+220.493E-03
+3.289500E+00,+217.823E-03
+3.292000E+00,+210.757E-03
+3.294500E+00,+214.212E-03
+3.297000E+00,+213.269E-03
+3.299500E+00,+220.022E-03
+3.302000E+00,+232.114E-03
+3.304500E+00,+225.361E-03
+3.307000E+00,+222.220E-03
+3.309500E+00,+219.551E-03
+3.312000E+00,+209.344E-03
+3.314500E+00,+213.269E-03
+3.317000E+00,+221.278E-03
+3.319500E+00,+227.560E-03
+3.322000E+00,+231.643E-03
+3.324500E+00,+225.204E-03
+3.327000E+00,+225.047E-03
+3.329500E+00,+221.121E-03
+3.332000E+00,+211.856E-03
+3.334500E+00,+219.394E-03
+3.337000E+00,+227.874E-03
+3.339500E+00,+227.874E-03
+3.342000E+00,+229.130E-03
+3.344500E+00,+231.643E-03
+3.347000E+00,+222.692E-03
+3.349500E+00,+214.997E-03
+3.352000E+00,+218.609E-03
+3.354500E+00,+224.262E-03
+3.357000E+00,+224.262E-03
+3.359500E+00,+222.692E-03
+3.362000E+00,+231.329E-03
+3.364500E+00,+223.320E-03
+3.367000E+00,+221.435E-03
+3.369500E+00,+216.567E-03
+3.372000E+00,+214.683E-03
+3.374500E+00,+217.352E-03
+3.377000E+00,+220.336E-03
+3.379500E+00,+226.146E-03
+3.382000E+00,+226.460E-03
+3.384500E+00,+226.774E-03
+3.387000E+00,+221.592E-03
+3.389500E+00,+212.484E-03
+3.392000E+00,+218.138E-03
+3.394500E+00,+216.881E-03
+3.397000E+00,+218.923E-03
+3.399500E+00,+223.006E-03
+3.402000E+00,+230.229E-03
+3.404500E+00,+222.692E-03
+3.407000E+00,+218.766E-03
+3.409500E+00,+216.567E-03
+3.412000E+00,+214.526E-03
+3.414500E+00,+220.493E-03
+3.417000E+00,+223.948E-03
+3.419500E+00,+224.262E-03
+3.422000E+00,+229.287E-03
+3.424500E+00,+229.130E-03
+3.427000E+00,+219.394E-03
+3.429500E+00,+213.269E-03
+3.432000E+00,+219.237E-03
+3.434500E+00,+220.807E-03
+3.437000E+00,+225.675E-03
+3.439500E+00,+230.700E-03
+3.442000E+00,+229.915E-03
+3.444500E+00,+221.121E-03
+3.447000E+00,+216.881E-03
+3.449500E+00,+218.295E-03
+3.452000E+00,+217.666E-03
+3.454500E+00,+220.807E-03
+3.457000E+00,+228.502E-03
+3.459500E+00,+227.874E-03
+3.462000E+00,+231.486E-03
+3.464500E+00,+221.906E-03
+3.467000E+00,+221.906E-03
+3.469500E+00,+214.212E-03
+3.472000E+00,+214.683E-03
+3.474500E+00,+224.105E-03
+3.477000E+00,+230.700E-03
+3.479500E+00,+224.419E-03
+3.482000E+00,+229.601E-03
+3.484500E+00,+228.816E-03
+3.487000E+00,+217.981E-03
+3.489500E+00,+216.410E-03
+3.492000E+00,+218.609E-03
+3.494500E+00,+221.278E-03
+3.497000E+00,+221.592E-03
+3.499500E+00,+224.576E-03
+3.502000E+00,+230.543E-03
+3.504500E+00,+217.195E-03
+3.507000E+00,+213.112E-03
+3.509500E+00,+221.435E-03
+3.512000E+00,+218.452E-03
+3.514500E+00,+219.708E-03
+3.517000E+00,+225.047E-03
+3.519500E+00,+226.146E-03
+3.522000E+00,+228.816E-03
+3.524500E+00,+224.890E-03
+3.527000E+00,+215.782E-03
+3.529500E+00,+215.625E-03
+3.532000E+00,+214.526E-03
+3.534500E+00,+219.080E-03
+3.537000E+00,+224.890E-03
+3.539500E+00,+223.634E-03
+3.542000E+00,+224.262E-03
+3.544500E+00,+222.220E-03
+3.547000E+00,+215.625E-03
+3.549500E+00,+216.253E-03
+3.552000E+00,+218.138E-03
+3.554500E+00,+226.774E-03
+3.557000E+00,+230.072E-03
+3.559500E+00,+228.188E-03
+3.562000E+00,+228.502E-03
+3.564500E+00,+220.493E-03
+3.567000E+00,+208.244E-03
+3.569500E+00,+205.261E-03
+3.572000E+00,+204.633E-03
+3.574500E+00,+208.872E-03
+3.577000E+00,+209.815E-03
+3.579500E+00,+208.244E-03
+3.582000E+00,+206.988E-03
+3.584500E+00,+200.236E-03
+3.587000E+00,+192.384E-03
+3.589500E+00,+195.524E-03
+3.592000E+00,+196.938E-03
+3.594500E+00,+201.335E-03
+3.597000E+00,+200.550E-03
+3.599500E+00,+203.533E-03
+3.602000E+00,+205.418E-03
+3.604500E+00,+199.921E-03
+3.607000E+00,+200.550E-03
+3.609500E+00,+203.690E-03
+3.612000E+00,+205.889E-03
+3.614500E+00,+217.509E-03
+3.617000E+00,+219.237E-03
+3.619500E+00,+217.509E-03
+3.622000E+00,+220.964E-03
+3.624500E+00,+216.253E-03
+3.627000E+00,+209.658E-03
+3.629500E+00,+209.815E-03
+3.632000E+00,+215.468E-03
+3.634500E+00,+219.865E-03
+3.637000E+00,+219.708E-03
+3.639500E+00,+220.493E-03
+3.642000E+00,+220.807E-03
+3.644500E+00,+214.840E-03
+3.647000E+00,+213.584E-03
+3.649500E+00,+214.683E-03
+3.652000E+00,+211.071E-03
+3.654500E+00,+219.708E-03
+3.657000E+00,+227.560E-03
+3.659500E+00,+222.849E-03
+3.662000E+00,+216.253E-03
+3.664500E+00,+209.658E-03
+3.667000E+00,+209.187E-03
+3.669500E+00,+202.434E-03
+3.672000E+00,+205.418E-03
+3.674500E+00,+209.187E-03
+3.677000E+00,+201.178E-03
+3.679500E+00,+195.682E-03
+3.682000E+00,+196.467E-03
+3.684500E+00,+183.119E-03
+3.687000E+00,+183.590E-03
+3.689500E+00,+186.259E-03
+3.692000E+00,+194.111E-03
+3.694500E+00,+198.979E-03
+3.697000E+00,+196.781E-03
+3.699500E+00,+191.756E-03
+3.702000E+00,+194.111E-03
+3.704500E+00,+187.359E-03
+3.707000E+00,+187.516E-03
+3.709500E+00,+200.864E-03
+3.712000E+00,+208.872E-03
+3.714500E+00,+214.997E-03
+3.717000E+00,+214.369E-03
+3.719500E+00,+206.360E-03
+3.722000E+00,+193.012E-03
+3.724500E+00,+180.920E-03
+3.727000E+00,+173.697E-03
+3.729500E+00,+176.994E-03
+3.732000E+00,+176.994E-03
+3.734500E+00,+174.796E-03
+3.737000E+00,+179.036E-03
+3.739500E+00,+172.440E-03
+3.742000E+00,+164.746E-03
+3.744500E+00,+160.035E-03
+3.747000E+00,+163.646E-03
+3.749500E+00,+165.060E-03
+3.752000E+00,+169.928E-03
+3.754500E+00,+179.036E-03
+3.757000E+00,+178.408E-03
+3.759500E+00,+181.234E-03
+3.762000E+00,+187.516E-03
+3.764500E+00,+179.821E-03
+3.767000E+00,+160.663E-03
+3.769500E+00,+152.654E-03
+3.772000E+00,+142.133E-03
+3.774500E+00,+125.801E-03
+3.777000E+00,+113.238E-03
+3.779500E+00,+96.121E-03
+3.782000E+00,+87.170E-03
+3.784500E+00,+72.409E-03
+3.787000E+00,+66.128E-03
+3.789500E+00,+66.599E-03
+3.792000E+00,+64.557E-03
+3.794500E+00,+76.649E-03
+3.797000E+00,+98.791E-03
+3.799500E+00,+98.477E-03
+3.802000E+00,+98.163E-03
+3.804500E+00,+102.560E-03
+3.807000E+00,+114.337E-03
+3.809500E+00,+140.091E-03
+3.812000E+00,+159.563E-03
+3.814500E+00,+175.738E-03
+3.817000E+00,+170.399E-03
+3.819500E+00,+146.530E-03
+3.822000E+00,+120.462E-03
+3.824500E+00,+106.014E-03
+3.827000E+00,+92.666E-03
+3.829500E+00,+92.195E-03
+3.832000E+00,+92.352E-03
+3.834500E+00,+80.889E-03
+3.837000E+00,+71.624E-03
+3.839500E+00,+68.169E-03
+3.842000E+00,+62.045E-03
+3.844500E+00,+62.830E-03
+3.847000E+00,+72.252E-03
+3.849500E+00,+90.939E-03
+3.852000E+00,+92.195E-03
+3.854500E+00,+100.204E-03
+3.857000E+00,+110.097E-03
+3.859500E+00,+122.189E-03
+3.862000E+00,+141.504E-03
+3.864500E+00,+124.545E-03
+3.867000E+00,+110.254E-03
+3.869500E+00,+78.376E-03
+3.872000E+00,+48.226E-03
+3.874500E+00,+18.546E-03
+3.877000E+00,-4.538E-03
+3.879500E+00,-20.399E-03
+3.882000E+00,-45.682E-03
+3.884500E+00,-67.038E-03
+3.887000E+00,-79.130E-03
+3.889500E+00,-84.783E-03
+3.892000E+00,-71.906E-03
+3.894500E+00,-30.135E-03
+3.897000E+00,-16.473E-03
+3.899500E+00,-14.432E-03
+3.902000E+00,-24.639E-03
+3.904500E+00,-7.679E-03
+3.907000E+00,+37.076E-03
+3.909500E+00,+95.650E-03
+3.912000E+00,+155.952E-03
+3.914500E+00,+192.070E-03
+3.917000E+00,+208.872E-03
+3.919500E+00,+209.501E-03
+3.922000E+00,+202.591E-03
+3.924500E+00,+195.682E-03
+3.927000E+00,+201.021E-03
+3.929500E+00,+205.732E-03
+3.932000E+00,+209.815E-03
+3.934500E+00,+221.435E-03
+3.937000E+00,+220.964E-03
+3.939500E+00,+209.030E-03
+3.942000E+00,+204.633E-03
+3.944500E+00,+208.244E-03
+3.947000E+00,+205.732E-03
+3.949500E+00,+212.170E-03
+3.952000E+00,+218.609E-03
+3.954500E+00,+229.444E-03
+3.957000E+00,+222.849E-03
+3.959500E+00,+215.625E-03
+3.962000E+00,+212.484E-03
+3.964500E+00,+206.988E-03
+3.967000E+00,+206.046E-03
+3.969500E+00,+220.022E-03
+3.972000E+00,+223.791E-03
+3.974500E+00,+221.121E-03
+3.977000E+00,+217.195E-03
+3.979500E+00,+206.203E-03
+3.982000E+00,+204.004E-03
+3.984500E+00,+201.963E-03
+3.987000E+00,+207.302E-03
+3.989500E+00,+209.658E-03
+3.992000E+00,+218.609E-03
+3.994500E+00,+214.526E-03
+3.997000E+00,+215.625E-03
+3.999500E+00,+212.013E-03
+4.002000E+00,+205.575E-03
+4.004500E+00,+209.501E-03
+4.007000E+00,+213.584E-03
+4.009500E+00,+227.403E-03
+4.012000E+00,+224.733E-03
+4.014500E+00,+227.089E-03
+4.017000E+00,+234.626E-03
+4.019500E+00,+221.278E-03
+4.022000E+00,+214.369E-03
+4.024500E+00,+212.641E-03
+4.027000E+00,+215.625E-03
+4.029500E+00,+224.890E-03
+4.032000E+00,+233.056E-03
+4.034500E+00,+236.040E-03
+4.037000E+00,+228.659E-03
+4.039500E+00,+215.311E-03
+4.042000E+00,+214.212E-03
+4.044500E+00,+212.013E-03
+4.047000E+00,+212.798E-03
+4.049500E+00,+225.047E-03
+4.052000E+00,+233.841E-03
+4.054500E+00,+231.486E-03
+4.057000E+00,+223.006E-03
+4.059500E+00,+215.468E-03
+4.062000E+00,+211.856E-03
+4.064500E+00,+207.459E-03
+4.067000E+00,+213.584E-03
+4.069500E+00,+224.262E-03
+4.072000E+00,+227.246E-03
+4.074500E+00,+231.171E-03
+4.077000E+00,+224.890E-03
+4.079500E+00,+215.311E-03
+4.082000E+00,+203.219E-03
+4.084500E+00,+212.013E-03
+4.087000E+00,+220.650E-03
+4.089500E+00,+222.220E-03
+4.092000E+00,+232.585E-03
+4.094500E+00,+239.494E-03
+4.097000E+00,+229.758E-03
+4.099500E+00,+210.129E-03
+4.102000E+00,+214.997E-03
+4.104500E+00,+213.269E-03
+4.107000E+00,+216.410E-03
+4.109500E+00,+230.543E-03
+4.112000E+00,+232.585E-03
+4.114500E+00,+232.271E-03
+4.117000E+00,+232.428E-03
+4.119500E+00,+215.782E-03
+4.122000E+00,+215.468E-03
+4.124500E+00,+220.022E-03
+4.127000E+00,+222.849E-03
+4.129500E+00,+227.246E-03
+4.132000E+00,+229.444E-03
+4.134500E+00,+234.783E-03
+4.137000E+00,+227.874E-03
+4.139500E+00,+222.692E-03
+4.142000E+00,+212.170E-03
+4.144500E+00,+208.715E-03
+4.147000E+00,+217.981E-03
+4.149500E+00,+228.502E-03
+4.152000E+00,+225.204E-03
+4.154500E+00,+230.072E-03
+4.157000E+00,+230.072E-03
+4.159500E+00,+215.625E-03
+4.162000E+00,+212.955E-03
+4.164500E+00,+215.468E-03
+4.167000E+00,+218.138E-03
+4.169500E+00,+225.361E-03
+4.172000E+00,+232.428E-03
+4.174500E+00,+234.155E-03
+4.177000E+00,+224.105E-03
+4.179500E+00,+214.212E-03
+4.182000E+00,+213.898E-03
+4.184500E+00,+214.840E-03
+4.187000E+00,+216.567E-03
+4.189500E+00,+227.874E-03
+4.192000E+00,+233.056E-03
+4.194500E+00,+223.634E-03
+4.197000E+00,+219.865E-03
+4.199500E+00,+216.253E-03
+4.202000E+00,+215.625E-03
+4.204500E+00,+211.542E-03
+4.207000E+00,+221.278E-03
+4.209500E+00,+232.428E-03
+4.212000E+00,+231.643E-03
+4.214500E+00,+226.932E-03
+4.217000E+00,+222.220E-03
+4.219500E+00,+212.484E-03
+4.222000E+00,+206.517E-03
+4.224500E+00,+217.823E-03
+4.227000E+00,+223.320E-03
+4.229500E+00,+221.592E-03
+4.232000E+00,+230.700E-03
+4.234500E+00,+227.246E-03
+4.237000E+00,+218.452E-03
+4.239500E+00,+215.154E-03
+4.242000E+00,+210.286E-03
+4.244500E+00,+214.055E-03
+4.247000E+00,+218.295E-03
+4.249500E+00,+223.320E-03
+4.252000E+00,+225.832E-03
+4.254500E+00,+218.923E-03
+4.257000E+00,+221.278E-03
+4.259500E+00,+212.798E-03
+4.262000E+00,+211.228E-03
+4.264500E+00,+208.244E-03
+4.267000E+00,+205.575E-03
+4.269500E+00,+208.715E-03
+4.272000E+00,+210.757E-03
+4.274500E+00,+201.649E-03
+4.277000E+00,+199.450E-03
+4.279500E+00,+188.301E-03
+4.282000E+00,+188.301E-03
+4.284500E+00,+182.648E-03
+4.287000E+00,+188.458E-03
+4.289500E+00,+195.839E-03
+4.292000E+00,+197.723E-03
+4.294500E+00,+199.764E-03
+4.297000E+00,+197.723E-03
+4.299500E+00,+187.202E-03
+4.302000E+00,+190.028E-03
+4.304500E+00,+193.797E-03
+4.307000E+00,+201.649E-03
+4.309500E+00,+208.087E-03
+4.312000E+00,+208.872E-03
+4.314500E+00,+200.393E-03
+4.317000E+00,+181.862E-03
+4.319500E+00,+162.233E-03
+4.322000E+00,+148.257E-03
+4.324500E+00,+149.827E-03
+4.327000E+00,+146.844E-03
+4.329500E+00,+148.728E-03
+4.332000E+00,+144.802E-03
+4.334500E+00,+130.355E-03
+4.337000E+00,+124.231E-03
+4.339500E+00,+120.148E-03
+4.342000E+00,+117.478E-03
+4.344500E+00,+122.974E-03
+4.347000E+00,+130.355E-03
+4.349500E+00,+135.537E-03
+4.352000E+00,+121.718E-03
+4.354500E+00,+119.205E-03
+4.357000E+00,+111.354E-03
+4.359500E+00,+68.797E-03
+4.362000E+00,+15.248E-03
+4.364500E+00,-75.204E-03
+4.367000E+00,-172.095E-03
+4.369500E+00,-269.143E-03
+4.372000E+00,-344.834E-03
+4.374500E+00,-400.424E-03
+4.377000E+00,-456.800E-03
+4.379500E+00,-504.381E-03
+4.382000E+00,-553.376E-03
+4.384500E+00,-573.163E-03
+4.387000E+00,-578.345E-03
+4.389500E+00,-537.987E-03
+4.392000E+00,-470.305E-03
+4.394500E+00,-429.004E-03
+4.397000E+00,-424.607E-03
+4.399500E+00,-400.267E-03
+4.402000E+00,-324.262E-03
+4.404500E+00,-189.840E-03
+4.407000E+00,-49.136E-03
+4.409500E+00,+75.707E-03
+4.412000E+00,+156.737E-03
+4.414500E+00,+182.177E-03
+4.417000E+00,+186.731E-03
+4.419500E+00,+192.070E-03
+4.422000E+00,+190.499E-03
+4.424500E+00,+194.582E-03
+4.427000E+00,+202.434E-03
+4.429500E+00,+209.344E-03
+4.432000E+00,+205.418E-03
+4.434500E+00,+200.864E-03
+4.437000E+00,+202.905E-03
+4.439500E+00,+194.268E-03
+4.442000E+00,+196.467E-03
+4.444500E+00,+197.409E-03
+4.447000E+00,+203.533E-03
+4.449500E+00,+209.187E-03
+4.452000E+00,+211.856E-03
+4.454500E+00,+212.484E-03
+4.457000E+00,+210.757E-03
+4.459500E+00,+205.732E-03
+4.462000E+00,+211.542E-03
+4.464500E+00,+210.129E-03
+4.467000E+00,+203.376E-03
+4.469500E+00,+212.170E-03
+4.472000E+00,+213.112E-03
+4.474500E+00,+199.450E-03
+4.477000E+00,+198.822E-03
+4.479500E+00,+195.053E-03
+4.482000E+00,+190.028E-03
+4.484500E+00,+194.268E-03
+4.487000E+00,+198.665E-03
+4.489500E+00,+199.764E-03
+4.492000E+00,+201.335E-03
+4.494500E+00,+203.219E-03
+4.497000E+00,+205.575E-03
+4.499500E+00,+205.889E-03
+4.502000E+00,+198.194E-03
+4.504500E+00,+204.947E-03
+4.507000E+00,+207.145E-03
+4.509500E+00,+220.964E-03
+4.512000E+00,+221.121E-03
+4.514500E+00,+224.576E-03
+4.517000E+00,+227.874E-03
+4.519500E+00,+214.526E-03
+4.522000E+00,+210.286E-03
+4.524500E+00,+216.724E-03
+4.527000E+00,+216.567E-03
+4.529500E+00,+223.634E-03
+4.532000E+00,+228.659E-03
+4.534500E+00,+227.717E-03
+4.537000E+00,+231.486E-03
+4.539500E+00,+217.981E-03
+4.542000E+00,+220.179E-03
+4.544500E+00,+219.865E-03
+4.547000E+00,+222.220E-03
+4.549500E+00,+230.229E-03
+4.552000E+00,+231.171E-03
+4.554500E+00,+228.345E-03
+4.557000E+00,+221.435E-03
+4.559500E+00,+215.468E-03
+4.562000E+00,+213.898E-03
+4.564500E+00,+216.881E-03
+4.567000E+00,+220.493E-03
+4.569500E+00,+221.749E-03
+4.572000E+00,+219.237E-03
+4.574500E+00,+217.823E-03
+4.577000E+00,+216.881E-03
+4.579500E+00,+207.930E-03
+4.582000E+00,+204.633E-03
+4.584500E+00,+214.683E-03
+4.587000E+00,+211.071E-03
+4.589500E+00,+216.096E-03
+4.592000E+00,+219.394E-03
+4.594500E+00,+220.336E-03
+4.597000E+00,+216.410E-03
+4.599500E+00,+207.773E-03
+4.602000E+00,+212.955E-03
+4.604500E+00,+216.567E-03
+4.607000E+00,+216.724E-03
+4.609500E+00,+222.220E-03
+4.612000E+00,+225.989E-03
+4.614500E+00,+226.303E-03
+4.617000E+00,+222.849E-03
+4.619500E+00,+217.195E-03
+4.622000E+00,+216.253E-03
+4.624500E+00,+220.179E-03
+4.627000E+00,+224.890E-03
+4.629500E+00,+227.403E-03
+4.632000E+00,+225.361E-03
+4.634500E+00,+222.849E-03
+4.637000E+00,+221.749E-03
+4.639500E+00,+216.724E-03
+4.642000E+00,+221.121E-03
+4.644500E+00,+214.055E-03
+4.647000E+00,+220.493E-03
+4.649500E+00,+225.675E-03
+4.652000E+00,+225.361E-03
+4.654500E+00,+225.361E-03
+4.657000E+00,+226.146E-03
+4.659500E+00,+217.666E-03
+4.662000E+00,+217.981E-03
+4.664500E+00,+221.121E-03
+4.667000E+00,+220.650E-03
+4.669500E+00,+221.749E-03
+4.672000E+00,+224.262E-03
+4.674500E+00,+232.742E-03
+4.677000E+00,+226.617E-03
+4.679500E+00,+218.923E-03
+4.682000E+00,+222.063E-03
+4.684500E+00,+225.989E-03
+4.687000E+00,+219.551E-03
+4.689500E+00,+220.336E-03